<?xml version="1.0" encoding="UTF-8" ?>
<module>
	<name>factura</name>
	<displayName><![CDATA[Generador Factura]]></displayName>
	<version><![CDATA[0.1.1]]></version>
	<description><![CDATA[Genera una factura.]]></description>
	<author><![CDATA[Xpectrum Technology]]></author>
	<tab><![CDATA[billing_invoicing]]></tab>
	<confirmUninstall><![CDATA[Are you sure you want to uninstall?]]></confirmUninstall>
	<is_configurable>1</is_configurable>
	<need_instance>0</need_instance>
	<limited_countries></limited_countries>
</module>